<?xml version="1.0" encoding="UTF-8" ?>
<module>
    <name>iletimerkezinotify</name>
    <displayName><![CDATA[iletiMerkezi Notify]]></displayName>
    <version><![CDATA[1.0.0]]></version>
    <description><![CDATA[Send SMS to your customers when order status changes.]]></description>
    <author><![CDATA[iletiMerkezi]]></author>
    <tab><![CDATA[advertising_marketing]]></tab>
	<confirmUninstall><![CDATA[Are you sure you want to uninstall?]]></confirmUninstall>
    <is_configurable>1</is_configurable>
    <need_instance>0</need_instance>
</module>